# IATA code, latitude, longitude — Duffel /stays/search needs lat/lon, not city names.
JFK,40.6413,-73.7781
NYC,40.7128,-74.0060
EWR,40.6895,-74.1745
LHR,51.4700,-0.4543
LGW,51.1537,-0.1821
LON,51.5074,-0.1278
CDG,49.0097,2.5479
PAR,48.8566,2.3522
DXB,25.2532,55.3657
SIN,1.3644,103.9915
SYD,-33.9461,151.1772
NRT,35.7647,140.3864
HND,35.5494,139.7798
ORD,41.9742,-87.9073
LAX,33.9425,-118.4081
MIA,25.7959,-80.2870
SFO,37.6213,-122.3790
FRA,50.0379,8.5622
AMS,52.3105,4.7683
MAD,40.4168,-3.7038
BCN,41.2971,2.0785
